"","id","Round","Adversary","Choice_of_Advisor","Payoff","pw_order","rps_order","age","gender","service","school","rank","years_military_experience","game_theory_experience","machine_learning_experience","seconds_on_page","avg_time"
"1","2b574",1,"Human+AI","none",0,"1","213",35,"Male","Air Force","ACSC","4",16,3,2,9,9.33333333333333
"2","2b574",10,"Human+AI","none",-1,"1","213",35,"Male","Air Force","ACSC","4",16,3,2,8,9.33333333333333
"3","2b574",1,"Human","none",1,"1","213",35,"Male","Air Force","ACSC","4",16,3,2,10,9.33333333333333
"4","2b574",2,"Human","none",-1,"1","213",35,"Male","Air Force","ACSC","4",16,3,2,9,9.33333333333333
"5","2b574",3,"Human","none",1,"1","213",35,"Male","Air Force","ACSC","4",16,3,2,9,9.33333333333333
"6","2b574",4,"Human","none",-1,"1","213",35,"Male","Air Force","ACSC","4",16,3,2,8,9.33333333333333
"7","2b574",5,"Human","AI",0,"1","213",35,"Male","Air Force","ACSC","4",16,3,2,12,9.33333333333333
"8","2b574",6,"Human","AI",1,"1","213",35,"Male","Air Force","ACSC","4",16,3,2,8,9.33333333333333
"9","2b574",7,"Human","AI",-1,"1","213",35,"Male","Air Force","ACSC","4",16,3,2,8,9.33333333333333
"10","2b574",8,"Human","none",1,"1","213",35,"Male","Air Force","ACSC","4",16,3,2,27,9.33333333333333
"11","2b574",9,"Human","none",-1,"1","213",35,"Male","Air Force","ACSC","4",16,3,2,7,9.33333333333333
"12","2b574",2,"Human+AI","none",-1,"1","213",35,"Male","Air Force","ACSC","4",16,3,2,9,9.33333333333333
"13","2b574",10,"Human","none",-1,"1","213",35,"Male","Air Force","ACSC","4",16,3,2,8,9.33333333333333
"14","2b574",1,"AI","human",-1,"1","213",35,"Male","Air Force","ACSC","4",16,3,2,13,9.33333333333333
"15","2b574",2,"AI","none",1,"1","213",35,"Male","Air Force","ACSC","4",16,3,2,8,9.33333333333333
"16","2b574",3,"AI","none",0,"1","213",35,"Male","Air Force","ACSC","4",16,3,2,8,9.33333333333333
"17","2b574",4,"AI","none",1,"1","213",35,"Male","Air Force","ACSC","4",16,3,2,8,9.33333333333333
"18","2b574",5,"AI","none",0,"1","213",35,"Male","Air Force","ACSC","4",16,3,2,9,9.33333333333333
"19","2b574",6,"AI","none",0,"1","213",35,"Male","Air Force","ACSC","4",16,3,2,8,9.33333333333333
"20","2b574",7,"AI","none",1,"1","213",35,"Male","Air Force","ACSC","4",16,3,2,9,9.33333333333333
"21","2b574",8,"AI","none",-1,"1","213",35,"Male","Air Force","ACSC","4",16,3,2,9,9.33333333333333
"22","2b574",9,"AI","none",1,"1","213",35,"Male","Air Force","ACSC","4",16,3,2,8,9.33333333333333
"23","2b574",3,"Human+AI","none",1,"1","213",35,"Male","Air Force","ACSC","4",16,3,2,8,9.33333333333333
"24","2b574",10,"AI","human",-1,"1","213",35,"Male","Air Force","ACSC","4",16,3,2,9,9.33333333333333
"25","2b574",4,"Human+AI","AI",-1,"1","213",35,"Male","Air Force","ACSC","4",16,3,2,7,9.33333333333333
"26","2b574",5,"Human+AI","none",1,"1","213",35,"Male","Air Force","ACSC","4",16,3,2,8,9.33333333333333
"27","2b574",6,"Human+AI","none",1,"1","213",35,"Male","Air Force","ACSC","4",16,3,2,8,9.33333333333333
"28","2b574",7,"Human+AI","AI",-1,"1","213",35,"Male","Air Force","ACSC","4",16,3,2,8,9.33333333333333
"29","2b574",8,"Human+AI","none",1,"1","213",35,"Male","Air Force","ACSC","4",16,3,2,10,9.33333333333333
"30","2b574",9,"Human+AI","none",1,"1","213",35,"Male","Air Force","ACSC","4",16,3,2,10,9.33333333333333
"31","3z144",1,"Human+AI","none",1,"2","213",33,"Male","Army","ACSC","4",14,3,3,12,8.43333333333333
"32","3z144",10,"Human+AI","AI",-1,"2","213",33,"Male","Army","ACSC","4",14,3,3,8,8.43333333333333
"33","3z144",1,"Human","AI",1,"2","213",33,"Male","Army","ACSC","4",14,3,3,10,8.43333333333333
"34","3z144",2,"Human","none",-1,"2","213",33,"Male","Army","ACSC","4",14,3,3,8,8.43333333333333
"35","3z144",3,"Human","none",1,"2","213",33,"Male","Army","ACSC","4",14,3,3,8,8.43333333333333
"36","3z144",4,"Human","human",-1,"2","213",33,"Male","Army","ACSC","4",14,3,3,9,8.43333333333333
"37","3z144",5,"Human","human",1,"2","213",33,"Male","Army","ACSC","4",14,3,3,8,8.43333333333333
"38","3z144",6,"Human","AI",0,"2","213",33,"Male","Army","ACSC","4",14,3,3,12,8.43333333333333
"39","3z144",7,"Human","AI",0,"2","213",33,"Male","Army","ACSC","4",14,3,3,7,8.43333333333333
"40","3z144",8,"Human","none",-1,"2","213",33,"Male","Army","ACSC","4",14,3,3,8,8.43333333333333
"41","3z144",9,"Human","none",1,"2","213",33,"Male","Army","ACSC","4",14,3,3,9,8.43333333333333
"42","3z144",2,"Human+AI","AI",0,"2","213",33,"Male","Army","ACSC","4",14,3,3,11,8.43333333333333
"43","3z144",10,"Human","AI",-1,"2","213",33,"Male","Army","ACSC","4",14,3,3,8,8.43333333333333
"44","3z144",1,"AI","none",1,"2","213",33,"Male","Army","ACSC","4",14,3,3,9,8.43333333333333
"45","3z144",2,"AI","none",1,"2","213",33,"Male","Army","ACSC","4",14,3,3,8,8.43333333333333
"46","3z144",3,"AI","AI",0,"2","213",33,"Male","Army","ACSC","4",14,3,3,7,8.43333333333333
"47","3z144",4,"AI","AI",-1,"2","213",33,"Male","Army","ACSC","4",14,3,3,6,8.43333333333333
"48","3z144",5,"AI","none",1,"2","213",33,"Male","Army","ACSC","4",14,3,3,7,8.43333333333333
"49","3z144",6,"AI","none",-1,"2","213",33,"Male","Army","ACSC","4",14,3,3,7,8.43333333333333
"50","3z144",7,"AI","human",0,"2","213",33,"Male","Army","ACSC","4",14,3,3,6,8.43333333333333
"51","3z144",8,"AI","human",1,"2","213",33,"Male","Army","ACSC","4",14,3,3,8,8.43333333333333
"52","3z144",9,"AI","none",0,"2","213",33,"Male","Army","ACSC","4",14,3,3,7,8.43333333333333
"53","3z144",3,"Human+AI","AI",1,"2","213",33,"Male","Army","ACSC","4",14,3,3,8,8.43333333333333
"54","3z144",10,"AI","none",0,"2","213",33,"Male","Army","ACSC","4",14,3,3,8,8.43333333333333
"55","3z144",4,"Human+AI","none",-1,"2","213",33,"Male","Army","ACSC","4",14,3,3,11,8.43333333333333
"56","3z144",5,"Human+AI","none",0,"2","213",33,"Male","Army","ACSC","4",14,3,3,8,8.43333333333333
"57","3z144",6,"Human+AI","human",0,"2","213",33,"Male","Army","ACSC","4",14,3,3,9,8.43333333333333
"58","3z144",7,"Human+AI","human",-1,"2","213",33,"Male","Army","ACSC","4",14,3,3,9,8.43333333333333
"59","3z144",8,"Human+AI","none",0,"2","213",33,"Male","Army","ACSC","4",14,3,3,8,8.43333333333333
"60","3z144",9,"Human+AI","none",0,"2","213",33,"Male","Army","ACSC","4",14,3,3,9,8.43333333333333
"61","6lk32",1,"Human","none",1,"1","132",36,"Female","Air Force","ACSC","4",16,2,2,19,9.7
"62","6lk32",10,"Human","none",1,"1","132",36,"Female","Air Force","ACSC","4",16,2,2,8,9.7
"63","6lk32",1,"AI","AI",-1,"1","132",36,"Female","Air Force","ACSC","4",16,2,2,16,9.7
"64","6lk32",2,"AI","none",-1,"1","132",36,"Female","Air Force","ACSC","4",16,2,2,11,9.7
"65","6lk32",3,"AI","none",1,"1","132",36,"Female","Air Force","ACSC","4",16,2,2,9,9.7
"66","6lk32",4,"AI","none",0,"1","132",36,"Female","Air Force","ACSC","4",16,2,2,11,9.7
"67","6lk32",5,"AI","none",1,"1","132",36,"Female","Air Force","ACSC","4",16,2,2,10,9.7
"68","6lk32",6,"AI","none",0,"1","132",36,"Female","Air Force","ACSC","4",16,2,2,12,9.7
"69","6lk32",7,"AI","none",1,"1","132",36,"Female","Air Force","ACSC","4",16,2,2,8,9.7
"70","6lk32",8,"AI","none",-1,"1","132",36,"Female","Air Force","ACSC","4",16,2,2,8,9.7
"71","6lk32",9,"AI","none",-1,"1","132",36,"Female","Air Force","ACSC","4",16,2,2,8,9.7
"72","6lk32",2,"Human","none",1,"1","132",36,"Female","Air Force","ACSC","4",16,2,2,15,9.7
"73","6lk32",10,"AI","AI",1,"1","132",36,"Female","Air Force","ACSC","4",16,2,2,9,9.7
"74","6lk32",1,"Human+AI","none",-1,"1","132",36,"Female","Air Force","ACSC","4",16,2,2,14,9.7
"75","6lk32",2,"Human+AI","none",-1,"1","132",36,"Female","Air Force","ACSC","4",16,2,2,9,9.7
"76","6lk32",3,"Human+AI","AI",1,"1","132",36,"Female","Air Force","ACSC","4",16,2,2,8,9.7
"77","6lk32",4,"Human+AI","AI",1,"1","132",36,"Female","Air Force","ACSC","4",16,2,2,8,9.7
"78","6lk32",5,"Human+AI","AI",1,"1","132",36,"Female","Air Force","ACSC","4",16,2,2,7,9.7
"79","6lk32",6,"Human+AI","AI",-1,"1","132",36,"Female","Air Force","ACSC","4",16,2,2,8,9.7
"80","6lk32",7,"Human+AI","AI",1,"1","132",36,"Female","Air Force","ACSC","4",16,2,2,7,9.7
"81","6lk32",8,"Human+AI","AI",-1,"1","132",36,"Female","Air Force","ACSC","4",16,2,2,9,9.7
"82","6lk32",9,"Human+AI","human",0,"1","132",36,"Female","Air Force","ACSC","4",16,2,2,8,9.7
"83","6lk32",3,"Human","none",-1,"1","132",36,"Female","Air Force","ACSC","4",16,2,2,11,9.7
"84","6lk32",10,"Human+AI","AI",0,"1","132",36,"Female","Air Force","ACSC","4",16,2,2,8,9.7
"85","6lk32",4,"Human","none",-1,"1","132",36,"Female","Air Force","ACSC","4",16,2,2,8,9.7
"86","6lk32",5,"Human","none",0,"1","132",36,"Female","Air Force","ACSC","4",16,2,2,8,9.7
"87","6lk32",6,"Human","none",0,"1","132",36,"Female","Air Force","ACSC","4",16,2,2,8,9.7
"88","6lk32",7,"Human","none",-1,"1","132",36,"Female","Air Force","ACSC","4",16,2,2,8,9.7
"89","6lk32",8,"Human","none",1,"1","132",36,"Female","Air Force","ACSC","4",16,2,2,8,9.7
"90","6lk32",9,"Human","none",0,"1","132",36,"Female","Air Force","ACSC","4",16,2,2,10,9.7
"91","8mh76",1,"AI","none",1,"1","321",39,"Female","Army","ACSC","4",14,3,2,10,9.93333333333333
"92","8mh76",10,"AI","none",1,"1","321",39,"Female","Army","ACSC","4",14,3,2,10,9.93333333333333
"93","8mh76",1,"Human+AI","none",-1,"1","321",39,"Female","Army","ACSC","4",14,3,2,11,9.93333333333333
"94","8mh76",2,"Human+AI","none",-1,"1","321",39,"Female","Army","ACSC","4",14,3,2,18,9.93333333333333
"95","8mh76",3,"Human+AI","none",1,"1","321",39,"Female","Army","ACSC","4",14,3,2,9,9.93333333333333
"96","8mh76",4,"Human+AI","none",1,"1","321",39,"Female","Army","ACSC","4",14,3,2,9,9.93333333333333
"97","8mh76",5,"Human+AI","none",-1,"1","321",39,"Female","Army","ACSC","4",14,3,2,9,9.93333333333333
"98","8mh76",6,"Human+AI","none",1,"1","321",39,"Female","Army","ACSC","4",14,3,2,10,9.93333333333333
"99","8mh76",7,"Human+AI","none",-1,"1","321",39,"Female","Army","ACSC","4",14,3,2,9,9.93333333333333
"100","8mh76",8,"Human+AI","none",0,"1","321",39,"Female","Army","ACSC","4",14,3,2,10,9.93333333333333
"101","8mh76",9,"Human+AI","none",0,"1","321",39,"Female","Army","ACSC","4",14,3,2,8,9.93333333333333
"102","8mh76",2,"AI","none",1,"1","321",39,"Female","Army","ACSC","4",14,3,2,10,9.93333333333333
"103","8mh76",10,"Human+AI","none",1,"1","321",39,"Female","Army","ACSC","4",14,3,2,9,9.93333333333333
"104","8mh76",1,"Human","none",-1,"1","321",39,"Female","Army","ACSC","4",14,3,2,9,9.93333333333333
"105","8mh76",2,"Human","none",1,"1","321",39,"Female","Army","ACSC","4",14,3,2,8,9.93333333333333
"106","8mh76",3,"Human","none",-1,"1","321",39,"Female","Army","ACSC","4",14,3,2,8,9.93333333333333
"107","8mh76",4,"Human","none",0,"1","321",39,"Female","Army","ACSC","4",14,3,2,9,9.93333333333333
"108","8mh76",5,"Human","none",0,"1","321",39,"Female","Army","ACSC","4",14,3,2,8,9.93333333333333
"109","8mh76",6,"Human","none",1,"1","321",39,"Female","Army","ACSC","4",14,3,2,9,9.93333333333333
"110","8mh76",7,"Human","none",-1,"1","321",39,"Female","Army","ACSC","4",14,3,2,8,9.93333333333333
"111","8mh76",8,"Human","none",1,"1","321",39,"Female","Army","ACSC","4",14,3,2,9,9.93333333333333
"112","8mh76",9,"Human","none",-1,"1","321",39,"Female","Army","ACSC","4",14,3,2,7,9.93333333333333
"113","8mh76",3,"AI","none",-1,"1","321",39,"Female","Army","ACSC","4",14,3,2,19,9.93333333333333
"114","8mh76",10,"Human","none",0,"1","321",39,"Female","Army","ACSC","4",14,3,2,9,9.93333333333333
"115","8mh76",4,"AI","none",0,"1","321",39,"Female","Army","ACSC","4",14,3,2,11,9.93333333333333
"116","8mh76",5,"AI","none",-1,"1","321",39,"Female","Army","ACSC","4",14,3,2,9,9.93333333333333
"117","8mh76",6,"AI","none",1,"1","321",39,"Female","Army","ACSC","4",14,3,2,14,9.93333333333333
"118","8mh76",7,"AI","none",-1,"1","321",39,"Female","Army","ACSC","4",14,3,2,9,9.93333333333333
"119","8mh76",8,"AI","none",0,"1","321",39,"Female","Army","ACSC","4",14,3,2,12,9.93333333333333
"120","8mh76",9,"AI","none",1,"1","321",39,"Female","Army","ACSC","4",14,3,2,8,9.93333333333333
"121","9mp31",1,"Human","AI",-1,"1","123",41,"Male","Air Force","ACSC","4",19,3,3,12,11.5
"122","9mp31",10,"Human","AI",1,"1","123",41,"Male","Air Force","ACSC","4",19,3,3,8,11.5
"123","9mp31",1,"Human+AI","none",-1,"1","123",41,"Male","Air Force","ACSC","4",19,3,3,13,11.5
"124","9mp31",2,"Human+AI","none",1,"1","123",41,"Male","Air Force","ACSC","4",19,3,3,10,11.5
"125","9mp31",3,"Human+AI","AI",-1,"1","123",41,"Male","Air Force","ACSC","4",19,3,3,9,11.5
"126","9mp31",4,"Human+AI","AI",1,"1","123",41,"Male","Air Force","ACSC","4",19,3,3,10,11.5
"127","9mp31",5,"Human+AI","none",1,"1","123",41,"Male","Air Force","ACSC","4",19,3,3,29,11.5
"128","9mp31",6,"Human+AI","AI",-1,"1","123",41,"Male","Air Force","ACSC","4",19,3,3,9,11.5
"129","9mp31",7,"Human+AI","AI",1,"1","123",41,"Male","Air Force","ACSC","4",19,3,3,11,11.5
"130","9mp31",8,"Human+AI","none",-1,"1","123",41,"Male","Air Force","ACSC","4",19,3,3,20,11.5
"131","9mp31",9,"Human+AI","none",-1,"1","123",41,"Male","Air Force","ACSC","4",19,3,3,9,11.5
"132","9mp31",2,"Human","AI",1,"1","123",41,"Male","Air Force","ACSC","4",19,3,3,10,11.5
"133","9mp31",10,"Human+AI","AI",1,"1","123",41,"Male","Air Force","ACSC","4",19,3,3,9,11.5
"134","9mp31",1,"AI","AI",1,"1","123",41,"Male","Air Force","ACSC","4",19,3,3,12,11.5
"135","9mp31",2,"AI","AI",1,"1","123",41,"Male","Air Force","ACSC","4",19,3,3,8,11.5
"136","9mp31",3,"AI","AI",-1,"1","123",41,"Male","Air Force","ACSC","4",19,3,3,9,11.5
"137","9mp31",4,"AI","AI",0,"1","123",41,"Male","Air Force","ACSC","4",19,3,3,9,11.5
"138","9mp31",5,"AI","AI",1,"1","123",41,"Male","Air Force","ACSC","4",19,3,3,9,11.5
"139","9mp31",6,"AI","AI",-1,"1","123",41,"Male","Air Force","ACSC","4",19,3,3,9,11.5
"140","9mp31",7,"AI","AI",0,"1","123",41,"Male","Air Force","ACSC","4",19,3,3,9,11.5
"141","9mp31",8,"AI","AI",-1,"1","123",41,"Male","Air Force","ACSC","4",19,3,3,8,11.5
"142","9mp31",9,"AI","AI",-1,"1","123",41,"Male","Air Force","ACSC","4",19,3,3,9,11.5
"143","9mp31",3,"Human","AI",-1,"1","123",41,"Male","Air Force","ACSC","4",19,3,3,11,11.5
"144","9mp31",10,"AI","AI",1,"1","123",41,"Male","Air Force","ACSC","4",19,3,3,9,11.5
"145","9mp31",4,"Human","none",1,"1","123",41,"Male","Air Force","ACSC","4",19,3,3,14,11.5
"146","9mp31",5,"Human","AI",-1,"1","123",41,"Male","Air Force","ACSC","4",19,3,3,9,11.5
"147","9mp31",6,"Human","none",1,"1","123",41,"Male","Air Force","ACSC","4",19,3,3,26,11.5
"148","9mp31",7,"Human","none",-1,"1","123",41,"Male","Air Force","ACSC","4",19,3,3,16,11.5
"149","9mp31",8,"Human","none",1,"1","123",41,"Male","Air Force","ACSC","4",19,3,3,10,11.5
"150","9mp31",9,"Human","none",-1,"1","123",41,"Male","Air Force","ACSC","4",19,3,3,9,11.5
"151","amm45",1,"AI","none",0,"2","312",36,"Male","Air Force","SAASS","4",16,3,3,15,7.86666666666667
"152","amm45",10,"AI","none",-1,"2","312",36,"Male","Air Force","SAASS","4",16,3,3,8,7.86666666666667
"153","amm45",1,"Human","AI",1,"2","312",36,"Male","Air Force","SAASS","4",16,3,3,9,7.86666666666667
"154","amm45",2,"Human","AI",0,"2","312",36,"Male","Air Force","SAASS","4",16,3,3,6,7.86666666666667
"155","amm45",3,"Human","AI",-1,"2","312",36,"Male","Air Force","SAASS","4",16,3,3,6,7.86666666666667
"156","amm45",4,"Human","none",1,"2","312",36,"Male","Air Force","SAASS","4",16,3,3,8,7.86666666666667
"157","amm45",5,"Human","none",0,"2","312",36,"Male","Air Force","SAASS","4",16,3,3,7,7.86666666666667
"158","amm45",6,"Human","human",1,"2","312",36,"Male","Air Force","SAASS","4",16,3,3,7,7.86666666666667
"159","amm45",7,"Human","none",-1,"2","312",36,"Male","Air Force","SAASS","4",16,3,3,7,7.86666666666667
"160","amm45",8,"Human","AI",0,"2","312",36,"Male","Air Force","SAASS","4",16,3,3,7,7.86666666666667
"161","amm45",9,"Human","none",1,"2","312",36,"Male","Air Force","SAASS","4",16,3,3,6,7.86666666666667
"162","amm45",2,"AI","none",0,"2","312",36,"Male","Air Force","SAASS","4",16,3,3,11,7.86666666666667
"163","amm45",10,"Human","none",0,"2","312",36,"Male","Air Force","SAASS","4",16,3,3,7,7.86666666666667
"164","amm45",1,"Human+AI","AI",0,"2","312",36,"Male","Air Force","SAASS","4",16,3,3,6,7.86666666666667
"165","amm45",2,"Human+AI","none",0,"2","312",36,"Male","Air Force","SAASS","4",16,3,3,7,7.86666666666667
"166","amm45",3,"Human+AI","none",1,"2","312",36,"Male","Air Force","SAASS","4",16,3,3,6,7.86666666666667
"167","amm45",4,"Human+AI","AI",-1,"2","312",36,"Male","Air Force","SAASS","4",16,3,3,7,7.86666666666667
"168","amm45",5,"Human+AI","none",1,"2","312",36,"Male","Air Force","SAASS","4",16,3,3,7,7.86666666666667
"169","amm45",6,"Human+AI","none",-1,"2","312",36,"Male","Air Force","SAASS","4",16,3,3,7,7.86666666666667
"170","amm45",7,"Human+AI","AI",0,"2","312",36,"Male","Air Force","SAASS","4",16,3,3,7,7.86666666666667
"171","amm45",8,"Human+AI","AI",-1,"2","312",36,"Male","Air Force","SAASS","4",16,3,3,6,7.86666666666667
"172","amm45",9,"Human+AI","AI",1,"2","312",36,"Male","Air Force","SAASS","4",16,3,3,7,7.86666666666667
"173","amm45",3,"AI","none",0,"2","312",36,"Male","Air Force","SAASS","4",16,3,3,9,7.86666666666667
"174","amm45",10,"Human+AI","human",-1,"2","312",36,"Male","Air Force","SAASS","4",16,3,3,6,7.86666666666667
"175","amm45",4,"AI","none",0,"2","312",36,"Male","Air Force","SAASS","4",16,3,3,9,7.86666666666667
"176","amm45",5,"AI","AI",-1,"2","312",36,"Male","Air Force","SAASS","4",16,3,3,11,7.86666666666667
"177","amm45",6,"AI","AI",1,"2","312",36,"Male","Air Force","SAASS","4",16,3,3,11,7.86666666666667
"178","amm45",7,"AI","human",1,"2","312",36,"Male","Air Force","SAASS","4",16,3,3,9,7.86666666666667
"179","amm45",8,"AI","none",0,"2","312",36,"Male","Air Force","SAASS","4",16,3,3,9,7.86666666666667
"180","amm45",9,"AI","none",-1,"2","312",36,"Male","Air Force","SAASS","4",16,3,3,8,7.86666666666667
"181","b1462",1,"Human","none",-1,"2","132",45,"Male","Air Force","AWC","5",26,3,2,14,10.1
"182","b1462",10,"Human","none",0,"2","132",45,"Male","Air Force","AWC","5",26,3,2,9,10.1
"183","b1462",1,"AI","none",1,"2","132",45,"Male","Air Force","AWC","5",26,3,2,11,10.1
"184","b1462",2,"AI","none",-1,"2","132",45,"Male","Air Force","AWC","5",26,3,2,10,10.1
"185","b1462",3,"AI","none",0,"2","132",45,"Male","Air Force","AWC","5",26,3,2,9,10.1
"186","b1462",4,"AI","none",-1,"2","132",45,"Male","Air Force","AWC","5",26,3,2,9,10.1
"187","b1462",5,"AI","none",1,"2","132",45,"Male","Air Force","AWC","5",26,3,2,9,10.1
"188","b1462",6,"AI","none",1,"2","132",45,"Male","Air Force","AWC","5",26,3,2,10,10.1
"189","b1462",7,"AI","none",-1,"2","132",45,"Male","Air Force","AWC","5",26,3,2,9,10.1
"190","b1462",8,"AI","none",1,"2","132",45,"Male","Air Force","AWC","5",26,3,2,10,10.1
"191","b1462",9,"AI","none",-1,"2","132",45,"Male","Air Force","AWC","5",26,3,2,9,10.1
"192","b1462",2,"Human","none",1,"2","132",45,"Male","Air Force","AWC","5",26,3,2,12,10.1
"193","b1462",10,"AI","none",-1,"2","132",45,"Male","Air Force","AWC","5",26,3,2,9,10.1
"194","b1462",1,"Human+AI","none",1,"2","132",45,"Male","Air Force","AWC","5",26,3,2,10,10.1
"195","b1462",2,"Human+AI","none",-1,"2","132",45,"Male","Air Force","AWC","5",26,3,2,11,10.1
"196","b1462",3,"Human+AI","none",0,"2","132",45,"Male","Air Force","AWC","5",26,3,2,11,10.1
"197","b1462",4,"Human+AI","none",-1,"2","132",45,"Male","Air Force","AWC","5",26,3,2,9,10.1
"198","b1462",5,"Human+AI","none",1,"2","132",45,"Male","Air Force","AWC","5",26,3,2,9,10.1
"199","b1462",6,"Human+AI","none",-1,"2","132",45,"Male","Air Force","AWC","5",26,3,2,9,10.1
"200","b1462",7,"Human+AI","none",1,"2","132",45,"Male","Air Force","AWC","5",26,3,2,9,10.1
"201","b1462",8,"Human+AI","none",1,"2","132",45,"Male","Air Force","AWC","5",26,3,2,13,10.1
"202","b1462",9,"Human+AI","none",-1,"2","132",45,"Male","Air Force","AWC","5",26,3,2,10,10.1
"203","b1462",3,"Human","none",0,"2","132",45,"Male","Air Force","AWC","5",26,3,2,11,10.1
"204","b1462",10,"Human+AI","none",-1,"2","132",45,"Male","Air Force","AWC","5",26,3,2,10,10.1
"205","b1462",4,"Human","none",0,"2","132",45,"Male","Air Force","AWC","5",26,3,2,10,10.1
"206","b1462",5,"Human","none",0,"2","132",45,"Male","Air Force","AWC","5",26,3,2,11,10.1
"207","b1462",6,"Human","none",1,"2","132",45,"Male","Air Force","AWC","5",26,3,2,11,10.1
"208","b1462",7,"Human","none",0,"2","132",45,"Male","Air Force","AWC","5",26,3,2,10,10.1
"209","b1462",8,"Human","none",1,"2","132",45,"Male","Air Force","AWC","5",26,3,2,9,10.1
"210","b1462",9,"Human","none",-1,"2","132",45,"Male","Air Force","AWC","5",26,3,2,10,10.1
"211","b8g12",1,"Human","AI",0,"1","132",43,"Male","Air Force","SAASS","4",24,3,3,10,8.8
"212","b8g12",10,"Human","AI",0,"1","132",43,"Male","Air Force","SAASS","4",24,3,3,8,8.8
"213","b8g12",1,"AI","AI",-1,"1","132",43,"Male","Air Force","SAASS","4",24,3,3,7,8.8
"214","b8g12",2,"AI","AI",1,"1","132",43,"Male","Air Force","SAASS","4",24,3,3,7,8.8
"215","b8g12",3,"AI","AI",0,"1","132",43,"Male","Air Force","SAASS","4",24,3,3,6,8.8
"216","b8g12",4,"AI","AI",-1,"1","132",43,"Male","Air Force","SAASS","4",24,3,3,6,8.8
"217","b8g12",5,"AI","AI",-1,"1","132",43,"Male","Air Force","SAASS","4",24,3,3,6,8.8
"218","b8g12",6,"AI","AI",1,"1","132",43,"Male","Air Force","SAASS","4",24,3,3,5,8.8
"219","b8g12",7,"AI","AI",0,"1","132",43,"Male","Air Force","SAASS","4",24,3,3,6,8.8
"220","b8g12",8,"AI","AI",-1,"1","132",43,"Male","Air Force","SAASS","4",24,3,3,6,8.8
"221","b8g12",9,"AI","AI",1,"1","132",43,"Male","Air Force","SAASS","4",24,3,3,6,8.8
"222","b8g12",2,"Human","AI",0,"1","132",43,"Male","Air Force","SAASS","4",24,3,3,7,8.8
"223","b8g12",10,"AI","AI",-1,"1","132",43,"Male","Air Force","SAASS","4",24,3,3,5,8.8
"224","b8g12",1,"Human+AI","none",1,"1","132",43,"Male","Air Force","SAASS","4",24,3,3,15,8.8
"225","b8g12",2,"Human+AI","none",1,"1","132",43,"Male","Air Force","SAASS","4",24,3,3,9,8.8
"226","b8g12",3,"Human+AI","none",1,"1","132",43,"Male","Air Force","SAASS","4",24,3,3,8,8.8
"227","b8g12",4,"Human+AI","none",-1,"1","132",43,"Male","Air Force","SAASS","4",24,3,3,16,8.8
"228","b8g12",5,"Human+AI","none",-1,"1","132",43,"Male","Air Force","SAASS","4",24,3,3,11,8.8
"229","b8g12",6,"Human+AI","none",1,"1","132",43,"Male","Air Force","SAASS","4",24,3,3,11,8.8
"230","b8g12",7,"Human+AI","none",0,"1","132",43,"Male","Air Force","SAASS","4",24,3,3,16,8.8
"231","b8g12",8,"Human+AI","none",1,"1","132",43,"Male","Air Force","SAASS","4",24,3,3,9,8.8
"232","b8g12",9,"Human+AI","none",-1,"1","132",43,"Male","Air Force","SAASS","4",24,3,3,20,8.8
"233","b8g12",3,"Human","AI",0,"1","132",43,"Male","Air Force","SAASS","4",24,3,3,6,8.8
"234","b8g12",10,"Human+AI","none",1,"1","132",43,"Male","Air Force","SAASS","4",24,3,3,16,8.8
"235","b8g12",4,"Human","AI",0,"1","132",43,"Male","Air Force","SAASS","4",24,3,3,6,8.8
"236","b8g12",5,"Human","AI",-1,"1","132",43,"Male","Air Force","SAASS","4",24,3,3,9,8.8
"237","b8g12",6,"Human","AI",1,"1","132",43,"Male","Air Force","SAASS","4",24,3,3,7,8.8
"238","b8g12",7,"Human","AI",0,"1","132",43,"Male","Air Force","SAASS","4",24,3,3,6,8.8
"239","b8g12",8,"Human","AI",0,"1","132",43,"Male","Air Force","SAASS","4",24,3,3,6,8.8
"240","b8g12",9,"Human","AI",1,"1","132",43,"Male","Air Force","SAASS","4",24,3,3,8,8.8
"241","epb14",1,"Human+AI","AI",1,"1","213",37,"Female","Air Force","ACSC","4",14,2,1,25,8.96666666666667
"242","epb14",10,"Human+AI","AI",1,"1","213",37,"Female","Air Force","ACSC","4",14,2,1,8,8.96666666666667
"243","epb14",1,"Human","AI",-1,"1","213",37,"Female","Air Force","ACSC","4",14,2,1,12,8.96666666666667
"244","epb14",2,"Human","AI",1,"1","213",37,"Female","Air Force","ACSC","4",14,2,1,12,8.96666666666667
"245","epb14",3,"Human","AI",0,"1","213",37,"Female","Air Force","ACSC","4",14,2,1,8,8.96666666666667
"246","epb14",4,"Human","AI",1,"1","213",37,"Female","Air Force","ACSC","4",14,2,1,8,8.96666666666667
"247","epb14",5,"Human","AI",1,"1","213",37,"Female","Air Force","ACSC","4",14,2,1,9,8.96666666666667
"248","epb14",6,"Human","AI",-1,"1","213",37,"Female","Air Force","ACSC","4",14,2,1,8,8.96666666666667
"249","epb14",7,"Human","AI",-1,"1","213",37,"Female","Air Force","ACSC","4",14,2,1,8,8.96666666666667
"250","epb14",8,"Human","AI",1,"1","213",37,"Female","Air Force","ACSC","4",14,2,1,7,8.96666666666667
"251","epb14",9,"Human","AI",-1,"1","213",37,"Female","Air Force","ACSC","4",14,2,1,8,8.96666666666667
"252","epb14",2,"Human+AI","AI",-1,"1","213",37,"Female","Air Force","ACSC","4",14,2,1,8,8.96666666666667
"253","epb14",10,"Human","AI",-1,"1","213",37,"Female","Air Force","ACSC","4",14,2,1,12,8.96666666666667
"254","epb14",1,"AI","AI",1,"1","213",37,"Female","Air Force","ACSC","4",14,2,1,9,8.96666666666667
"255","epb14",2,"AI","AI",0,"1","213",37,"Female","Air Force","ACSC","4",14,2,1,8,8.96666666666667
"256","epb14",3,"AI","AI",1,"1","213",37,"Female","Air Force","ACSC","4",14,2,1,8,8.96666666666667
"257","epb14",4,"AI","AI",1,"1","213",37,"Female","Air Force","ACSC","4",14,2,1,8,8.96666666666667
"258","epb14",5,"AI","AI",-1,"1","213",37,"Female","Air Force","ACSC","4",14,2,1,8,8.96666666666667
"259","epb14",6,"AI","AI",-1,"1","213",37,"Female","Air Force","ACSC","4",14,2,1,8,8.96666666666667
"260","epb14",7,"AI","AI",0,"1","213",37,"Female","Air Force","ACSC","4",14,2,1,8,8.96666666666667
"261","epb14",8,"AI","AI",-1,"1","213",37,"Female","Air Force","ACSC","4",14,2,1,8,8.96666666666667
"262","epb14",9,"AI","AI",1,"1","213",37,"Female","Air Force","ACSC","4",14,2,1,8,8.96666666666667
"263","epb14",3,"Human+AI","AI",1,"1","213",37,"Female","Air Force","ACSC","4",14,2,1,8,8.96666666666667
"264","epb14",10,"AI","AI",-1,"1","213",37,"Female","Air Force","ACSC","4",14,2,1,8,8.96666666666667
"265","epb14",4,"Human+AI","AI",1,"1","213",37,"Female","Air Force","ACSC","4",14,2,1,8,8.96666666666667
"266","epb14",5,"Human+AI","AI",-1,"1","213",37,"Female","Air Force","ACSC","4",14,2,1,8,8.96666666666667
"267","epb14",6,"Human+AI","AI",-1,"1","213",37,"Female","Air Force","ACSC","4",14,2,1,8,8.96666666666667
"268","epb14",7,"Human+AI","AI",0,"1","213",37,"Female","Air Force","ACSC","4",14,2,1,7,8.96666666666667
"269","epb14",8,"Human+AI","AI",0,"1","213",37,"Female","Air Force","ACSC","4",14,2,1,8,8.96666666666667
"270","epb14",9,"Human+AI","AI",-1,"1","213",37,"Female","Air Force","ACSC","4",14,2,1,8,8.96666666666667
"271","h0s22",1,"Human","none",1,"2","132",47,"Male","Army","AWC","6",25,2,2,10,9.86666666666667
"272","h0s22",10,"Human","none",1,"2","132",47,"Male","Army","AWC","6",25,2,2,9,9.86666666666667
"273","h0s22",1,"AI","none",0,"2","132",47,"Male","Army","AWC","6",25,2,2,11,9.86666666666667
"274","h0s22",2,"AI","none",0,"2","132",47,"Male","Army","AWC","6",25,2,2,8,9.86666666666667
"275","h0s22",3,"AI","none",0,"2","132",47,"Male","Army","AWC","6",25,2,2,8,9.86666666666667
"276","h0s22",4,"AI","none",0,"2","132",47,"Male","Army","AWC","6",25,2,2,8,9.86666666666667
"277","h0s22",5,"AI","none",-1,"2","132",47,"Male","Army","AWC","6",25,2,2,8,9.86666666666667
"278","h0s22",6,"AI","none",1,"2","132",47,"Male","Army","AWC","6",25,2,2,12,9.86666666666667
"279","h0s22",7,"AI","none",1,"2","132",47,"Male","Army","AWC","6",25,2,2,11,9.86666666666667
"280","h0s22",8,"AI","none",0,"2","132",47,"Male","Army","AWC","6",25,2,2,9,9.86666666666667
"281","h0s22",9,"AI","none",-1,"2","132",47,"Male","Army","AWC","6",25,2,2,8,9.86666666666667
"282","h0s22",2,"Human","none",0,"2","132",47,"Male","Army","AWC","6",25,2,2,13,9.86666666666667
"283","h0s22",10,"AI","none",-1,"2","132",47,"Male","Army","AWC","6",25,2,2,11,9.86666666666667
"284","h0s22",1,"Human+AI","none",1,"2","132",47,"Male","Army","AWC","6",25,2,2,15,9.86666666666667
"285","h0s22",2,"Human+AI","none",-1,"2","132",47,"Male","Army","AWC","6",25,2,2,12,9.86666666666667
"286","h0s22",3,"Human+AI","AI",1,"2","132",47,"Male","Army","AWC","6",25,2,2,14,9.86666666666667
"287","h0s22",4,"Human+AI","none",1,"2","132",47,"Male","Army","AWC","6",25,2,2,9,9.86666666666667
"288","h0s22",5,"Human+AI","AI",-1,"2","132",47,"Male","Army","AWC","6",25,2,2,10,9.86666666666667
"289","h0s22",6,"Human+AI","none",-1,"2","132",47,"Male","Army","AWC","6",25,2,2,8,9.86666666666667
"290","h0s22",7,"Human+AI","none",1,"2","132",47,"Male","Army","AWC","6",25,2,2,8,9.86666666666667
"291","h0s22",8,"Human+AI","none",1,"2","132",47,"Male","Army","AWC","6",25,2,2,9,9.86666666666667
"292","h0s22",9,"Human+AI","none",-1,"2","132",47,"Male","Army","AWC","6",25,2,2,8,9.86666666666667
"293","h0s22",3,"Human","none",-1,"2","132",47,"Male","Army","AWC","6",25,2,2,8,9.86666666666667
"294","h0s22",10,"Human+AI","AI",1,"2","132",47,"Male","Army","AWC","6",25,2,2,8,9.86666666666667
"295","h0s22",4,"Human","none",-1,"2","132",47,"Male","Army","AWC","6",25,2,2,9,9.86666666666667
"296","h0s22",5,"Human","none",1,"2","132",47,"Male","Army","AWC","6",25,2,2,15,9.86666666666667
"297","h0s22",6,"Human","none",1,"2","132",47,"Male","Army","AWC","6",25,2,2,11,9.86666666666667
"298","h0s22",7,"Human","none",0,"2","132",47,"Male","Army","AWC","6",25,2,2,8,9.86666666666667
"299","h0s22",8,"Human","none",-1,"2","132",47,"Male","Army","AWC","6",25,2,2,10,9.86666666666667
"300","h0s22",9,"Human","none",-1,"2","132",47,"Male","Army","AWC","6",25,2,2,8,9.86666666666667
"301","i5b85",1,"AI","none",1,"2","312",35,"Female","Air Force","ACSC","4",16,2,1,12,10.6666666666667
"302","i5b85",10,"AI","none",-1,"2","312",35,"Female","Air Force","ACSC","4",16,2,1,13,10.6666666666667
"303","i5b85",1,"Human","none",-1,"2","312",35,"Female","Air Force","ACSC","4",16,2,1,14,10.6666666666667
"304","i5b85",2,"Human","none",1,"2","312",35,"Female","Air Force","ACSC","4",16,2,1,10,10.6666666666667
"305","i5b85",3,"Human","none",1,"2","312",35,"Female","Air Force","ACSC","4",16,2,1,9,10.6666666666667
"306","i5b85",4,"Human","none",-1,"2","312",35,"Female","Air Force","ACSC","4",16,2,1,9,10.6666666666667
"307","i5b85",5,"Human","none",0,"2","312",35,"Female","Air Force","ACSC","4",16,2,1,10,10.6666666666667
"308","i5b85",6,"Human","none",1,"2","312",35,"Female","Air Force","ACSC","4",16,2,1,10,10.6666666666667
"309","i5b85",7,"Human","none",-1,"2","312",35,"Female","Air Force","ACSC","4",16,2,1,16,10.6666666666667
"310","i5b85",8,"Human","none",-1,"2","312",35,"Female","Air Force","ACSC","4",16,2,1,10,10.6666666666667
"311","i5b85",9,"Human","none",0,"2","312",35,"Female","Air Force","ACSC","4",16,2,1,9,10.6666666666667
"312","i5b85",2,"AI","none",-1,"2","312",35,"Female","Air Force","ACSC","4",16,2,1,14,10.6666666666667
"313","i5b85",10,"Human","AI",0,"2","312",35,"Female","Air Force","ACSC","4",16,2,1,13,10.6666666666667
"314","i5b85",1,"Human+AI","none",-1,"2","312",35,"Female","Air Force","ACSC","4",16,2,1,10,10.6666666666667
"315","i5b85",2,"Human+AI","none",1,"2","312",35,"Female","Air Force","ACSC","4",16,2,1,10,10.6666666666667
"316","i5b85",3,"Human+AI","none",-1,"2","312",35,"Female","Air Force","ACSC","4",16,2,1,9,10.6666666666667
"317","i5b85",4,"Human+AI","none",1,"2","312",35,"Female","Air Force","ACSC","4",16,2,1,10,10.6666666666667
"318","i5b85",5,"Human+AI","none",0,"2","312",35,"Female","Air Force","ACSC","4",16,2,1,9,10.6666666666667
"319","i5b85",6,"Human+AI","none",-1,"2","312",35,"Female","Air Force","ACSC","4",16,2,1,12,10.6666666666667
"320","i5b85",7,"Human+AI","none",1,"2","312",35,"Female","Air Force","ACSC","4",16,2,1,10,10.6666666666667
"321","i5b85",8,"Human+AI","none",-1,"2","312",35,"Female","Air Force","ACSC","4",16,2,1,9,10.6666666666667
"322","i5b85",9,"Human+AI","none",1,"2","312",35,"Female","Air Force","ACSC","4",16,2,1,10,10.6666666666667
"323","i5b85",3,"AI","none",-1,"2","312",35,"Female","Air Force","ACSC","4",16,2,1,10,10.6666666666667
"324","i5b85",10,"Human+AI","none",-1,"2","312",35,"Female","Air Force","ACSC","4",16,2,1,13,10.6666666666667
"325","i5b85",4,"AI","none",1,"2","312",35,"Female","Air Force","ACSC","4",16,2,1,9,10.6666666666667
"326","i5b85",5,"AI","none",0,"2","312",35,"Female","Air Force","ACSC","4",16,2,1,9,10.6666666666667
"327","i5b85",6,"AI","none",1,"2","312",35,"Female","Air Force","ACSC","4",16,2,1,10,10.6666666666667
"328","i5b85",7,"AI","none",1,"2","312",35,"Female","Air Force","ACSC","4",16,2,1,11,10.6666666666667
"329","i5b85",8,"AI","none",-1,"2","312",35,"Female","Air Force","ACSC","4",16,2,1,10,10.6666666666667
"330","i5b85",9,"AI","none",1,"2","312",35,"Female","Air Force","ACSC","4",16,2,1,10,10.6666666666667
"331","k1o66",1,"AI","none",0,"2","321",36,"Male","Air Force","ACSC","4",16,2,2,13,12.1
"332","k1o66",10,"AI","none",1,"2","321",36,"Male","Air Force","ACSC","4",16,2,2,19,12.1
"333","k1o66",1,"Human+AI","none",-1,"2","321",36,"Male","Air Force","ACSC","4",16,2,2,15,12.1
"334","k1o66",2,"Human+AI","none",1,"2","321",36,"Male","Air Force","ACSC","4",16,2,2,19,12.1
"335","k1o66",3,"Human+AI","none",-1,"2","321",36,"Male","Air Force","ACSC","4",16,2,2,12,12.1
"336","k1o66",4,"Human+AI","none",1,"2","321",36,"Male","Air Force","ACSC","4",16,2,2,20,12.1
"337","k1o66",5,"Human+AI","none",-1,"2","321",36,"Male","Air Force","ACSC","4",16,2,2,14,12.1
"338","k1o66",6,"Human+AI","none",1,"2","321",36,"Male","Air Force","ACSC","4",16,2,2,9,12.1
"339","k1o66",7,"Human+AI","none",-1,"2","321",36,"Male","Air Force","ACSC","4",16,2,2,19,12.1
"340","k1o66",8,"Human+AI","AI",0,"2","321",36,"Male","Air Force","ACSC","4",16,2,2,9,12.1
"341","k1o66",9,"Human+AI","AI",0,"2","321",36,"Male","Air Force","ACSC","4",16,2,2,9,12.1
"342","k1o66",2,"AI","none",-1,"2","321",36,"Male","Air Force","ACSC","4",16,2,2,15,12.1
"343","k1o66",10,"Human+AI","none",1,"2","321",36,"Male","Air Force","ACSC","4",16,2,2,9,12.1
"344","k1o66",1,"Human","none",-1,"2","321",36,"Male","Air Force","ACSC","4",16,2,2,11,12.1
"345","k1o66",2,"Human","none",1,"2","321",36,"Male","Air Force","ACSC","4",16,2,2,8,12.1
"346","k1o66",3,"Human","none",-1,"2","321",36,"Male","Air Force","ACSC","4",16,2,2,8,12.1
"347","k1o66",4,"Human","none",0,"2","321",36,"Male","Air Force","ACSC","4",16,2,2,10,12.1
"348","k1o66",5,"Human","none",-1,"2","321",36,"Male","Air Force","ACSC","4",16,2,2,8,12.1
"349","k1o66",6,"Human","AI",0,"2","321",36,"Male","Air Force","ACSC","4",16,2,2,9,12.1
"350","k1o66",7,"Human","none",0,"2","321",36,"Male","Air Force","ACSC","4",16,2,2,16,12.1
"351","k1o66",8,"Human","none",1,"2","321",36,"Male","Air Force","ACSC","4",16,2,2,16,12.1
"352","k1o66",9,"Human","none",1,"2","321",36,"Male","Air Force","ACSC","4",16,2,2,9,12.1
"353","k1o66",3,"AI","none",1,"2","321",36,"Male","Air Force","ACSC","4",16,2,2,12,12.1
"354","k1o66",10,"Human","none",-1,"2","321",36,"Male","Air Force","ACSC","4",16,2,2,19,12.1
"355","k1o66",4,"AI","none",1,"2","321",36,"Male","Air Force","ACSC","4",16,2,2,11,12.1
"356","k1o66",5,"AI","none",1,"2","321",36,"Male","Air Force","ACSC","4",16,2,2,9,12.1
"357","k1o66",6,"AI","none",-1,"2","321",36,"Male","Air Force","ACSC","4",16,2,2,9,12.1
"358","k1o66",7,"AI","none",1,"2","321",36,"Male","Air Force","ACSC","4",16,2,2,9,12.1
"359","k1o66",8,"AI","none",-1,"2","321",36,"Male","Air Force","ACSC","4",16,2,2,9,12.1
"360","k1o66",9,"AI","none",0,"2","321",36,"Male","Air Force","ACSC","4",16,2,2,8,12.1
"361","n1i23",1,"Human+AI","none",1,"2","231",44,"Male","Air Force","AWC","5",24,4,2,15,9.93333333333333
"362","n1i23",10,"Human+AI","none",1,"2","231",44,"Male","Air Force","AWC","5",24,4,2,11,9.93333333333333
"363","n1i23",1,"AI","AI",-1,"2","231",44,"Male","Air Force","AWC","5",24,4,2,15,9.93333333333333
"364","n1i23",2,"AI","none",1,"2","231",44,"Male","Air Force","AWC","5",24,4,2,10,9.93333333333333
"365","n1i23",3,"AI","AI",-1,"2","231",44,"Male","Air Force","AWC","5",24,4,2,9,9.93333333333333
"366","n1i23",4,"AI","none",-1,"2","231",44,"Male","Air Force","AWC","5",24,4,2,13,9.93333333333333
"367","n1i23",5,"AI","none",-1,"2","231",44,"Male","Air Force","AWC","5",24,4,2,8,9.93333333333333
"368","n1i23",6,"AI","none",1,"2","231",44,"Male","Air Force","AWC","5",24,4,2,10,9.93333333333333
"369","n1i23",7,"AI","AI",-1,"2","231",44,"Male","Air Force","AWC","5",24,4,2,10,9.93333333333333
"370","n1i23",8,"AI","AI",1,"2","231",44,"Male","Air Force","AWC","5",24,4,2,11,9.93333333333333
"371","n1i23",9,"AI","none",1,"2","231",44,"Male","Air Force","AWC","5",24,4,2,10,9.93333333333333
"372","n1i23",2,"Human+AI","none",1,"2","231",44,"Male","Air Force","AWC","5",24,4,2,10,9.93333333333333
"373","n1i23",10,"AI","AI",-1,"2","231",44,"Male","Air Force","AWC","5",24,4,2,9,9.93333333333333
"374","n1i23",1,"Human","none",1,"2","231",44,"Male","Air Force","AWC","5",24,4,2,10,9.93333333333333
"375","n1i23",2,"Human","AI",1,"2","231",44,"Male","Air Force","AWC","5",24,4,2,9,9.93333333333333
"376","n1i23",3,"Human","none",-1,"2","231",44,"Male","Air Force","AWC","5",24,4,2,9,9.93333333333333
"377","n1i23",4,"Human","none",-1,"2","231",44,"Male","Air Force","AWC","5",24,4,2,9,9.93333333333333
"378","n1i23",5,"Human","none",1,"2","231",44,"Male","Air Force","AWC","5",24,4,2,8,9.93333333333333
"379","n1i23",6,"Human","AI",-1,"2","231",44,"Male","Air Force","AWC","5",24,4,2,8,9.93333333333333
"380","n1i23",7,"Human","AI",0,"2","231",44,"Male","Air Force","AWC","5",24,4,2,8,9.93333333333333
"381","n1i23",8,"Human","none",-1,"2","231",44,"Male","Air Force","AWC","5",24,4,2,11,9.93333333333333
"382","n1i23",9,"Human","none",1,"2","231",44,"Male","Air Force","AWC","5",24,4,2,7,9.93333333333333
"383","n1i23",3,"Human+AI","AI",-1,"2","231",44,"Male","Air Force","AWC","5",24,4,2,10,9.93333333333333
"384","n1i23",10,"Human","AI",-1,"2","231",44,"Male","Air Force","AWC","5",24,4,2,9,9.93333333333333
"385","n1i23",4,"Human+AI","none",1,"2","231",44,"Male","Air Force","AWC","5",24,4,2,11,9.93333333333333
"386","n1i23",5,"Human+AI","AI",-1,"2","231",44,"Male","Air Force","AWC","5",24,4,2,9,9.93333333333333
"387","n1i23",6,"Human+AI","none",-1,"2","231",44,"Male","Air Force","AWC","5",24,4,2,10,9.93333333333333
"388","n1i23",7,"Human+AI","none",1,"2","231",44,"Male","Air Force","AWC","5",24,4,2,11,9.93333333333333
"389","n1i23",8,"Human+AI","AI",0,"2","231",44,"Male","Air Force","AWC","5",24,4,2,8,9.93333333333333
"390","n1i23",9,"Human+AI","none",0,"2","231",44,"Male","Air Force","AWC","5",24,4,2,10,9.93333333333333
"391","nab21",1,"Human","none",-1,"2","123",36,"Male","Air Force","ACSC","4",13,3,2,10,10.6333333333333
"392","nab21",10,"Human","none",0,"2","123",36,"Male","Air Force","ACSC","4",13,3,2,8,10.6333333333333
"393","nab21",1,"Human+AI","none",-1,"2","123",36,"Male","Air Force","ACSC","4",13,3,2,10,10.6333333333333
"394","nab21",2,"Human+AI","none",1,"2","123",36,"Male","Air Force","ACSC","4",13,3,2,8,10.6333333333333
"395","nab21",3,"Human+AI","none",-1,"2","123",36,"Male","Air Force","ACSC","4",13,3,2,11,10.6333333333333
"396","nab21",4,"Human+AI","none",1,"2","123",36,"Male","Air Force","ACSC","4",13,3,2,9,10.6333333333333
"397","nab21",5,"Human+AI","none",0,"2","123",36,"Male","Air Force","ACSC","4",13,3,2,8,10.6333333333333
"398","nab21",6,"Human+AI","none",-1,"2","123",36,"Male","Air Force","ACSC","4",13,3,2,10,10.6333333333333
"399","nab21",7,"Human+AI","none",1,"2","123",36,"Male","Air Force","ACSC","4",13,3,2,8,10.6333333333333
"400","nab21",8,"Human+AI","none",1,"2","123",36,"Male","Air Force","ACSC","4",13,3,2,13,10.6333333333333
"401","nab21",9,"Human+AI","none",1,"2","123",36,"Male","Air Force","ACSC","4",13,3,2,10,10.6333333333333
"402","nab21",2,"Human","none",1,"2","123",36,"Male","Air Force","ACSC","4",13,3,2,9,10.6333333333333
"403","nab21",10,"Human+AI","none",-1,"2","123",36,"Male","Air Force","ACSC","4",13,3,2,9,10.6333333333333
"404","nab21",1,"AI","none",-1,"2","123",36,"Male","Air Force","ACSC","4",13,3,2,10,10.6333333333333
"405","nab21",2,"AI","none",-1,"2","123",36,"Male","Air Force","ACSC","4",13,3,2,8,10.6333333333333
"406","nab21",3,"AI","none",1,"2","123",36,"Male","Air Force","ACSC","4",13,3,2,8,10.6333333333333
"407","nab21",4,"AI","none",1,"2","123",36,"Male","Air Force","ACSC","4",13,3,2,38,10.6333333333333
"408","nab21",5,"AI","none",1,"2","123",36,"Male","Air Force","ACSC","4",13,3,2,10,10.6333333333333
"409","nab21",6,"AI","none",-1,"2","123",36,"Male","Air Force","ACSC","4",13,3,2,8,10.6333333333333
"410","nab21",7,"AI","none",-1,"2","123",36,"Male","Air Force","ACSC","4",13,3,2,8,10.6333333333333
"411","nab21",8,"AI","none",1,"2","123",36,"Male","Air Force","ACSC","4",13,3,2,8,10.6333333333333
"412","nab21",9,"AI","none",0,"2","123",36,"Male","Air Force","ACSC","4",13,3,2,12,10.6333333333333
"413","nab21",3,"Human","none",-1,"2","123",36,"Male","Air Force","ACSC","4",13,3,2,10,10.6333333333333
"414","nab21",10,"AI","none",0,"2","123",36,"Male","Air Force","ACSC","4",13,3,2,13,10.6333333333333
"415","nab21",4,"Human","none",1,"2","123",36,"Male","Air Force","ACSC","4",13,3,2,8,10.6333333333333
"416","nab21",5,"Human","none",0,"2","123",36,"Male","Air Force","ACSC","4",13,3,2,13,10.6333333333333
"417","nab21",6,"Human","none",1,"2","123",36,"Male","Air Force","ACSC","4",13,3,2,10,10.6333333333333
"418","nab21",7,"Human","none",1,"2","123",36,"Male","Air Force","ACSC","4",13,3,2,15,10.6333333333333
"419","nab21",8,"Human","none",-1,"2","123",36,"Male","Air Force","ACSC","4",13,3,2,9,10.6333333333333
"420","nab21",9,"Human","none",-1,"2","123",36,"Male","Air Force","ACSC","4",13,3,2,8,10.6333333333333
"421","p8v34",1,"Human+AI","none",1,"1","213",43,"Male","Air Force","ACSC","4",13,3,2,17,9.56666666666667
"422","p8v34",10,"Human+AI","AI",1,"1","213",43,"Male","Air Force","ACSC","4",13,3,2,6,9.56666666666667
"423","p8v34",1,"Human","none",-1,"1","213",43,"Male","Air Force","ACSC","4",13,3,2,10,9.56666666666667
"424","p8v34",2,"Human","none",0,"1","213",43,"Male","Air Force","ACSC","4",13,3,2,7,9.56666666666667
"425","p8v34",3,"Human","AI",-1,"1","213",43,"Male","Air Force","ACSC","4",13,3,2,7,9.56666666666667
"426","p8v34",4,"Human","AI",0,"1","213",43,"Male","Air Force","ACSC","4",13,3,2,8,9.56666666666667
"427","p8v34",5,"Human","none",1,"1","213",43,"Male","Air Force","ACSC","4",13,3,2,13,9.56666666666667
"428","p8v34",6,"Human","none",1,"1","213",43,"Male","Air Force","ACSC","4",13,3,2,10,9.56666666666667
"429","p8v34",7,"Human","none",-1,"1","213",43,"Male","Air Force","ACSC","4",13,3,2,8,9.56666666666667
"430","p8v34",8,"Human","AI",-1,"1","213",43,"Male","Air Force","ACSC","4",13,3,2,7,9.56666666666667
"431","p8v34",9,"Human","human",0,"1","213",43,"Male","Air Force","ACSC","4",13,3,2,8,9.56666666666667
"432","p8v34",2,"Human+AI","AI",-1,"1","213",43,"Male","Air Force","ACSC","4",13,3,2,7,9.56666666666667
"433","p8v34",10,"Human","human",-1,"1","213",43,"Male","Air Force","ACSC","4",13,3,2,6,9.56666666666667
"434","p8v34",1,"AI","none",1,"1","213",43,"Male","Air Force","ACSC","4",13,3,2,24,9.56666666666667
"435","p8v34",2,"AI","none",-1,"1","213",43,"Male","Air Force","ACSC","4",13,3,2,9,9.56666666666667
"436","p8v34",3,"AI","none",1,"1","213",43,"Male","Air Force","ACSC","4",13,3,2,10,9.56666666666667
"437","p8v34",4,"AI","none",1,"1","213",43,"Male","Air Force","ACSC","4",13,3,2,9,9.56666666666667
"438","p8v34",5,"AI","none",-1,"1","213",43,"Male","Air Force","ACSC","4",13,3,2,11,9.56666666666667
"439","p8v34",6,"AI","AI",1,"1","213",43,"Male","Air Force","ACSC","4",13,3,2,9,9.56666666666667
"440","p8v34",7,"AI","human",0,"1","213",43,"Male","Air Force","ACSC","4",13,3,2,7,9.56666666666667
"441","p8v34",8,"AI","human",-1,"1","213",43,"Male","Air Force","ACSC","4",13,3,2,7,9.56666666666667
"442","p8v34",9,"AI","AI",0,"1","213",43,"Male","Air Force","ACSC","4",13,3,2,9,9.56666666666667
"443","p8v34",3,"Human+AI","AI",1,"1","213",43,"Male","Air Force","ACSC","4",13,3,2,11,9.56666666666667
"444","p8v34",10,"AI","none",0,"1","213",43,"Male","Air Force","ACSC","4",13,3,2,17,9.56666666666667
"445","p8v34",4,"Human+AI","none",0,"1","213",43,"Male","Air Force","ACSC","4",13,3,2,7,9.56666666666667
"446","p8v34",5,"Human+AI","human",1,"1","213",43,"Male","Air Force","ACSC","4",13,3,2,10,9.56666666666667
"447","p8v34",6,"Human+AI","AI",-1,"1","213",43,"Male","Air Force","ACSC","4",13,3,2,7,9.56666666666667
"448","p8v34",7,"Human+AI","human",-1,"1","213",43,"Male","Air Force","ACSC","4",13,3,2,6,9.56666666666667
"449","p8v34",8,"Human+AI","none",0,"1","213",43,"Male","Air Force","ACSC","4",13,3,2,10,9.56666666666667
"450","p8v34",9,"Human+AI","AI",1,"1","213",43,"Male","Air Force","ACSC","4",13,3,2,10,9.56666666666667
"451","qs924",1,"Human+AI","none",0,"2","213",42,"Male","Air Force","AWC","5",23,2,2,15,12.4666666666667
"452","qs924",10,"Human+AI","human",-1,"2","213",42,"Male","Air Force","AWC","5",23,2,2,10,12.4666666666667
"453","qs924",1,"Human","none",0,"2","213",42,"Male","Air Force","AWC","5",23,2,2,24,12.4666666666667
"454","qs924",2,"Human","none",1,"2","213",42,"Male","Air Force","AWC","5",23,2,2,10,12.4666666666667
"455","qs924",3,"Human","none",-1,"2","213",42,"Male","Air Force","AWC","5",23,2,2,10,12.4666666666667
"456","qs924",4,"Human","none",1,"2","213",42,"Male","Air Force","AWC","5",23,2,2,11,12.4666666666667
"457","qs924",5,"Human","AI",-1,"2","213",42,"Male","Air Force","AWC","5",23,2,2,12,12.4666666666667
"458","qs924",6,"Human","AI",1,"2","213",42,"Male","Air Force","AWC","5",23,2,2,10,12.4666666666667
"459","qs924",7,"Human","AI",-1,"2","213",42,"Male","Air Force","AWC","5",23,2,2,8,12.4666666666667
"460","qs924",8,"Human","AI",1,"2","213",42,"Male","Air Force","AWC","5",23,2,2,8,12.4666666666667
"461","qs924",9,"Human","AI",-1,"2","213",42,"Male","Air Force","AWC","5",23,2,2,24,12.4666666666667
"462","qs924",2,"Human+AI","none",-1,"2","213",42,"Male","Air Force","AWC","5",23,2,2,15,12.4666666666667
"463","qs924",10,"Human","AI",-1,"2","213",42,"Male","Air Force","AWC","5",23,2,2,12,12.4666666666667
"464","qs924",1,"AI","none",-1,"2","213",42,"Male","Air Force","AWC","5",23,2,2,10,12.4666666666667
"465","qs924",2,"AI","AI",1,"2","213",42,"Male","Air Force","AWC","5",23,2,2,8,12.4666666666667
"466","qs924",3,"AI","human",1,"2","213",42,"Male","Air Force","AWC","5",23,2,2,10,12.4666666666667
"467","qs924",4,"AI","none",1,"2","213",42,"Male","Air Force","AWC","5",23,2,2,10,12.4666666666667
"468","qs924",5,"AI","AI",-1,"2","213",42,"Male","Air Force","AWC","5",23,2,2,10,12.4666666666667
"469","qs924",6,"AI","human",1,"2","213",42,"Male","Air Force","AWC","5",23,2,2,15,12.4666666666667
"470","qs924",7,"AI","none",-1,"2","213",42,"Male","Air Force","AWC","5",23,2,2,12,12.4666666666667
"471","qs924",8,"AI","AI",0,"2","213",42,"Male","Air Force","AWC","5",23,2,2,7,12.4666666666667
"472","qs924",9,"AI","human",1,"2","213",42,"Male","Air Force","AWC","5",23,2,2,9,12.4666666666667
"473","qs924",3,"Human+AI","none",1,"2","213",42,"Male","Air Force","AWC","5",23,2,2,10,12.4666666666667
"474","qs924",10,"AI","none",-1,"2","213",42,"Male","Air Force","AWC","5",23,2,2,30,12.4666666666667
"475","qs924",4,"Human+AI","none",1,"2","213",42,"Male","Air Force","AWC","5",23,2,2,15,12.4666666666667
"476","qs924",5,"Human+AI","none",-1,"2","213",42,"Male","Air Force","AWC","5",23,2,2,10,12.4666666666667
"477","qs924",6,"Human+AI","human",0,"2","213",42,"Male","Air Force","AWC","5",23,2,2,12,12.4666666666667
"478","qs924",7,"Human+AI","human",0,"2","213",42,"Male","Air Force","AWC","5",23,2,2,14,12.4666666666667
"479","qs924",8,"Human+AI","human",1,"2","213",42,"Male","Air Force","AWC","5",23,2,2,12,12.4666666666667
"480","qs924",9,"Human+AI","human",1,"2","213",42,"Male","Air Force","AWC","5",23,2,2,11,12.4666666666667
"481","rbq81",1,"Human","none",0,"2","123",47,"Male","Air Force","AWC","5",18,3,2,15,8.5
"482","rbq81",10,"Human","none",-1,"2","123",47,"Male","Air Force","AWC","5",18,3,2,8,8.5
"483","rbq81",1,"Human+AI","none",-1,"2","123",47,"Male","Air Force","AWC","5",18,3,2,8,8.5
"484","rbq81",2,"Human+AI","none",1,"2","123",47,"Male","Air Force","AWC","5",18,3,2,8,8.5
"485","rbq81",3,"Human+AI","none",0,"2","123",47,"Male","Air Force","AWC","5",18,3,2,8,8.5
"486","rbq81",4,"Human+AI","none",-1,"2","123",47,"Male","Air Force","AWC","5",18,3,2,8,8.5
"487","rbq81",5,"Human+AI","none",1,"2","123",47,"Male","Air Force","AWC","5",18,3,2,7,8.5
"488","rbq81",6,"Human+AI","none",-1,"2","123",47,"Male","Air Force","AWC","5",18,3,2,9,8.5
"489","rbq81",7,"Human+AI","none",1,"2","123",47,"Male","Air Force","AWC","5",18,3,2,7,8.5
"490","rbq81",8,"Human+AI","none",-1,"2","123",47,"Male","Air Force","AWC","5",18,3,2,8,8.5
"491","rbq81",9,"Human+AI","none",1,"2","123",47,"Male","Air Force","AWC","5",18,3,2,7,8.5
"492","rbq81",2,"Human","none",-1,"2","123",47,"Male","Air Force","AWC","5",18,3,2,12,8.5
"493","rbq81",10,"Human+AI","none",-1,"2","123",47,"Male","Air Force","AWC","5",18,3,2,8,8.5
"494","rbq81",1,"AI","none",1,"2","123",47,"Male","Air Force","AWC","5",18,3,2,8,8.5
"495","rbq81",2,"AI","none",1,"2","123",47,"Male","Air Force","AWC","5",18,3,2,8,8.5
"496","rbq81",3,"AI","none",1,"2","123",47,"Male","Air Force","AWC","5",18,3,2,8,8.5
"497","rbq81",4,"AI","none",-1,"2","123",47,"Male","Air Force","AWC","5",18,3,2,8,8.5
"498","rbq81",5,"AI","none",0,"2","123",47,"Male","Air Force","AWC","5",18,3,2,7,8.5
"499","rbq81",6,"AI","none",1,"2","123",47,"Male","Air Force","AWC","5",18,3,2,9,8.5
"500","rbq81",7,"AI","none",-1,"2","123",47,"Male","Air Force","AWC","5",18,3,2,8,8.5
"501","rbq81",8,"AI","none",1,"2","123",47,"Male","Air Force","AWC","5",18,3,2,7,8.5
"502","rbq81",9,"AI","none",-1,"2","123",47,"Male","Air Force","AWC","5",18,3,2,8,8.5
"503","rbq81",3,"Human","none",1,"2","123",47,"Male","Air Force","AWC","5",18,3,2,13,8.5
"504","rbq81",10,"AI","none",0,"2","123",47,"Male","Air Force","AWC","5",18,3,2,7,8.5
"505","rbq81",4,"Human","none",-1,"2","123",47,"Male","Air Force","AWC","5",18,3,2,10,8.5
"506","rbq81",5,"Human","none",1,"2","123",47,"Male","Air Force","AWC","5",18,3,2,9,8.5
"507","rbq81",6,"Human","none",-1,"2","123",47,"Male","Air Force","AWC","5",18,3,2,8,8.5
"508","rbq81",7,"Human","none",1,"2","123",47,"Male","Air Force","AWC","5",18,3,2,8,8.5
"509","rbq81",8,"Human","none",1,"2","123",47,"Male","Air Force","AWC","5",18,3,2,8,8.5
"510","rbq81",9,"Human","none",0,"2","123",47,"Male","Air Force","AWC","5",18,3,2,8,8.5
"511","snd43",1,"Human+AI","AI",0,"2","231",43,"Male","Air Force","ACSC","4",16,2,2,12,11.2666666666667
"512","snd43",10,"Human+AI","none",1,"2","231",43,"Male","Air Force","ACSC","4",16,2,2,8,11.2666666666667
"513","snd43",1,"AI","AI",-1,"2","231",43,"Male","Air Force","ACSC","4",16,2,2,9,11.2666666666667
"514","snd43",2,"AI","AI",0,"2","231",43,"Male","Air Force","ACSC","4",16,2,2,10,11.2666666666667
"515","snd43",3,"AI","AI",0,"2","231",43,"Male","Air Force","ACSC","4",16,2,2,13,11.2666666666667
"516","snd43",4,"AI","AI",-1,"2","231",43,"Male","Air Force","ACSC","4",16,2,2,22,11.2666666666667
"517","snd43",5,"AI","AI",1,"2","231",43,"Male","Air Force","ACSC","4",16,2,2,9,11.2666666666667
"518","snd43",6,"AI","AI",0,"2","231",43,"Male","Air Force","ACSC","4",16,2,2,10,11.2666666666667
"519","snd43",7,"AI","AI",0,"2","231",43,"Male","Air Force","ACSC","4",16,2,2,9,11.2666666666667
"520","snd43",8,"AI","human",-1,"2","231",43,"Male","Air Force","ACSC","4",16,2,2,8,11.2666666666667
"521","snd43",9,"AI","human",1,"2","231",43,"Male","Air Force","ACSC","4",16,2,2,9,11.2666666666667
"522","snd43",2,"Human+AI","AI",-1,"2","231",43,"Male","Air Force","ACSC","4",16,2,2,19,11.2666666666667
"523","snd43",10,"AI","human",0,"2","231",43,"Male","Air Force","ACSC","4",16,2,2,11,11.2666666666667
"524","snd43",1,"Human","AI",0,"2","231",43,"Male","Air Force","ACSC","4",16,2,2,9,11.2666666666667
"525","snd43",2,"Human","AI",0,"2","231",43,"Male","Air Force","ACSC","4",16,2,2,8,11.2666666666667
"526","snd43",3,"Human","AI",1,"2","231",43,"Male","Air Force","ACSC","4",16,2,2,8,11.2666666666667
"527","snd43",4,"Human","AI",-1,"2","231",43,"Male","Air Force","ACSC","4",16,2,2,11,11.2666666666667
"528","snd43",5,"Human","AI",-1,"2","231",43,"Male","Air Force","ACSC","4",16,2,2,8,11.2666666666667
"529","snd43",6,"Human","AI",1,"2","231",43,"Male","Air Force","ACSC","4",16,2,2,8,11.2666666666667
"530","snd43",7,"Human","AI",1,"2","231",43,"Male","Air Force","ACSC","4",16,2,2,13,11.2666666666667
"531","snd43",8,"Human","AI",-1,"2","231",43,"Male","Air Force","ACSC","4",16,2,2,8,11.2666666666667
"532","snd43",9,"Human","AI",0,"2","231",43,"Male","Air Force","ACSC","4",16,2,2,17,11.2666666666667
"533","snd43",3,"Human+AI","none",1,"2","231",43,"Male","Air Force","ACSC","4",16,2,2,13,11.2666666666667
"534","snd43",10,"Human","AI",-1,"2","231",43,"Male","Air Force","ACSC","4",16,2,2,8,11.2666666666667
"535","snd43",4,"Human+AI","AI",1,"2","231",43,"Male","Air Force","ACSC","4",16,2,2,13,11.2666666666667
"536","snd43",5,"Human+AI","none",1,"2","231",43,"Male","Air Force","ACSC","4",16,2,2,12,11.2666666666667
"537","snd43",6,"Human+AI","none",-1,"2","231",43,"Male","Air Force","ACSC","4",16,2,2,10,11.2666666666667
"538","snd43",7,"Human+AI","AI",-1,"2","231",43,"Male","Air Force","ACSC","4",16,2,2,13,11.2666666666667
"539","snd43",8,"Human+AI","none",0,"2","231",43,"Male","Air Force","ACSC","4",16,2,2,15,11.2666666666667
"540","snd43",9,"Human+AI","none",0,"2","231",43,"Male","Air Force","ACSC","4",16,2,2,15,11.2666666666667
"541","txk36",1,"AI","none",0,"1","321",36,"Male","Air Force","ACSC","4",9,3,2,15,9.5
"542","txk36",10,"AI","none",-1,"1","321",36,"Male","Air Force","ACSC","4",9,3,2,9,9.5
"543","txk36",1,"Human+AI","none",0,"1","321",36,"Male","Air Force","ACSC","4",9,3,2,11,9.5
"544","txk36",2,"Human+AI","none",0,"1","321",36,"Male","Air Force","ACSC","4",9,3,2,8,9.5
"545","txk36",3,"Human+AI","none",0,"1","321",36,"Male","Air Force","ACSC","4",9,3,2,9,9.5
"546","txk36",4,"Human+AI","none",-1,"1","321",36,"Male","Air Force","ACSC","4",9,3,2,9,9.5
"547","txk36",5,"Human+AI","none",1,"1","321",36,"Male","Air Force","ACSC","4",9,3,2,12,9.5
"548","txk36",6,"Human+AI","none",1,"1","321",36,"Male","Air Force","ACSC","4",9,3,2,10,9.5
"549","txk36",7,"Human+AI","AI",-1,"1","321",36,"Male","Air Force","ACSC","4",9,3,2,9,9.5
"550","txk36",8,"Human+AI","AI",1,"1","321",36,"Male","Air Force","ACSC","4",9,3,2,8,9.5
"551","txk36",9,"Human+AI","none",1,"1","321",36,"Male","Air Force","ACSC","4",9,3,2,10,9.5
"552","txk36",2,"AI","none",1,"1","321",36,"Male","Air Force","ACSC","4",9,3,2,10,9.5
"553","txk36",10,"Human+AI","none",-1,"1","321",36,"Male","Air Force","ACSC","4",9,3,2,9,9.5
"554","txk36",1,"Human","none",-1,"1","321",36,"Male","Air Force","ACSC","4",9,3,2,9,9.5
"555","txk36",2,"Human","none",0,"1","321",36,"Male","Air Force","ACSC","4",9,3,2,8,9.5
"556","txk36",3,"Human","none",-1,"1","321",36,"Male","Air Force","ACSC","4",9,3,2,9,9.5
"557","txk36",4,"Human","none",1,"1","321",36,"Male","Air Force","ACSC","4",9,3,2,9,9.5
"558","txk36",5,"Human","none",0,"1","321",36,"Male","Air Force","ACSC","4",9,3,2,11,9.5
"559","txk36",6,"Human","none",0,"1","321",36,"Male","Air Force","ACSC","4",9,3,2,8,9.5
"560","txk36",7,"Human","none",0,"1","321",36,"Male","Air Force","ACSC","4",9,3,2,8,9.5
"561","txk36",8,"Human","none",0,"1","321",36,"Male","Air Force","ACSC","4",9,3,2,8,9.5
"562","txk36",9,"Human","none",1,"1","321",36,"Male","Air Force","ACSC","4",9,3,2,9,9.5
"563","txk36",3,"AI","AI",1,"1","321",36,"Male","Air Force","ACSC","4",9,3,2,13,9.5
"564","txk36",10,"Human","none",1,"1","321",36,"Male","Air Force","ACSC","4",9,3,2,9,9.5
"565","txk36",4,"AI","none",-1,"1","321",36,"Male","Air Force","ACSC","4",9,3,2,10,9.5
"566","txk36",5,"AI","none",1,"1","321",36,"Male","Air Force","ACSC","4",9,3,2,12,9.5
"567","txk36",6,"AI","none",-1,"1","321",36,"Male","Air Force","ACSC","4",9,3,2,8,9.5
"568","txk36",7,"AI","none",0,"1","321",36,"Male","Air Force","ACSC","4",9,3,2,9,9.5
"569","txk36",8,"AI","none",1,"1","321",36,"Male","Air Force","ACSC","4",9,3,2,8,9.5
"570","txk36",9,"AI","none",-1,"1","321",36,"Male","Air Force","ACSC","4",9,3,2,8,9.5
"571","v6i85",1,"AI","none",0,"2","312",37,"Male","Air Force","SAASS","4",18,3,2,19,14.6333333333333
"572","v6i85",10,"AI","none",-1,"2","312",37,"Male","Air Force","SAASS","4",18,3,2,18,14.6333333333333
"573","v6i85",1,"Human","none",-1,"2","312",37,"Male","Air Force","SAASS","4",18,3,2,19,14.6333333333333
"574","v6i85",2,"Human","none",1,"2","312",37,"Male","Air Force","SAASS","4",18,3,2,13,14.6333333333333
"575","v6i85",3,"Human","none",1,"2","312",37,"Male","Air Force","SAASS","4",18,3,2,10,14.6333333333333
"576","v6i85",4,"Human","none",-1,"2","312",37,"Male","Air Force","SAASS","4",18,3,2,17,14.6333333333333
"577","v6i85",5,"Human","none",1,"2","312",37,"Male","Air Force","SAASS","4",18,3,2,10,14.6333333333333
"578","v6i85",6,"Human","AI",1,"2","312",37,"Male","Air Force","SAASS","4",18,3,2,16,14.6333333333333
"579","v6i85",7,"Human","AI",-1,"2","312",37,"Male","Air Force","SAASS","4",18,3,2,10,14.6333333333333
"580","v6i85",8,"Human","AI",0,"2","312",37,"Male","Air Force","SAASS","4",18,3,2,23,14.6333333333333
"581","v6i85",9,"Human","AI",1,"2","312",37,"Male","Air Force","SAASS","4",18,3,2,10,14.6333333333333
"582","v6i85",2,"AI","AI",1,"2","312",37,"Male","Air Force","SAASS","4",18,3,2,13,14.6333333333333
"583","v6i85",10,"Human","AI",-1,"2","312",37,"Male","Air Force","SAASS","4",18,3,2,10,14.6333333333333
"584","v6i85",1,"Human+AI","none",-1,"2","312",37,"Male","Air Force","SAASS","4",18,3,2,17,14.6333333333333
"585","v6i85",2,"Human+AI","none",0,"2","312",37,"Male","Air Force","SAASS","4",18,3,2,12,14.6333333333333
"586","v6i85",3,"Human+AI","AI",0,"2","312",37,"Male","Air Force","SAASS","4",18,3,2,10,14.6333333333333
"587","v6i85",4,"Human+AI","AI",0,"2","312",37,"Male","Air Force","SAASS","4",18,3,2,11,14.6333333333333
"588","v6i85",5,"Human+AI","AI",0,"2","312",37,"Male","Air Force","SAASS","4",18,3,2,10,14.6333333333333
"589","v6i85",6,"Human+AI","human",0,"2","312",37,"Male","Air Force","SAASS","4",18,3,2,25,14.6333333333333
"590","v6i85",7,"Human+AI","human",1,"2","312",37,"Male","Air Force","SAASS","4",18,3,2,11,14.6333333333333
"591","v6i85",8,"Human+AI","human",1,"2","312",37,"Male","Air Force","SAASS","4",18,3,2,10,14.6333333333333
"592","v6i85",9,"Human+AI","human",-1,"2","312",37,"Male","Air Force","SAASS","4",18,3,2,10,14.6333333333333
"593","v6i85",3,"AI","AI",0,"2","312",37,"Male","Air Force","SAASS","4",18,3,2,12,14.6333333333333
"594","v6i85",10,"Human+AI","human",-1,"2","312",37,"Male","Air Force","SAASS","4",18,3,2,23,14.6333333333333
"595","v6i85",4,"AI","AI",0,"2","312",37,"Male","Air Force","SAASS","4",18,3,2,35,14.6333333333333
"596","v6i85",5,"AI","AI",0,"2","312",37,"Male","Air Force","SAASS","4",18,3,2,12,14.6333333333333
"597","v6i85",6,"AI","human",1,"2","312",37,"Male","Air Force","SAASS","4",18,3,2,14,14.6333333333333
"598","v6i85",7,"AI","human",-1,"2","312",37,"Male","Air Force","SAASS","4",18,3,2,11,14.6333333333333
"599","v6i85",8,"AI","human",1,"2","312",37,"Male","Air Force","SAASS","4",18,3,2,18,14.6333333333333
"600","v6i85",9,"AI","human",-1,"2","312",37,"Male","Air Force","SAASS","4",18,3,2,10,14.6333333333333
"601","w9c21",1,"Human","none",-1,"2","123",49,"Male","Air Force","AWC","5",19,2,3,9,9.06666666666667
"602","w9c21",10,"Human","human",1,"2","123",49,"Male","Air Force","AWC","5",19,2,3,11,9.06666666666667
"603","w9c21",1,"Human+AI","none",-1,"2","123",49,"Male","Air Force","AWC","5",19,2,3,9,9.06666666666667
"604","w9c21",2,"Human+AI","none",-1,"2","123",49,"Male","Air Force","AWC","5",19,2,3,9,9.06666666666667
"605","w9c21",3,"Human+AI","none",0,"2","123",49,"Male","Air Force","AWC","5",19,2,3,9,9.06666666666667
"606","w9c21",4,"Human+AI","none",-1,"2","123",49,"Male","Air Force","AWC","5",19,2,3,9,9.06666666666667
"607","w9c21",5,"Human+AI","none",1,"2","123",49,"Male","Air Force","AWC","5",19,2,3,11,9.06666666666667
"608","w9c21",6,"Human+AI","AI",-1,"2","123",49,"Male","Air Force","AWC","5",19,2,3,8,9.06666666666667
"609","w9c21",7,"Human+AI","AI",1,"2","123",49,"Male","Air Force","AWC","5",19,2,3,8,9.06666666666667
"610","w9c21",8,"Human+AI","AI",0,"2","123",49,"Male","Air Force","AWC","5",19,2,3,8,9.06666666666667
"611","w9c21",9,"Human+AI","AI",1,"2","123",49,"Male","Air Force","AWC","5",19,2,3,10,9.06666666666667
"612","w9c21",2,"Human","none",1,"2","123",49,"Male","Air Force","AWC","5",19,2,3,9,9.06666666666667
"613","w9c21",10,"Human+AI","none",0,"2","123",49,"Male","Air Force","AWC","5",19,2,3,9,9.06666666666667
"614","w9c21",1,"AI","none",1,"2","123",49,"Male","Air Force","AWC","5",19,2,3,10,9.06666666666667
"615","w9c21",2,"AI","none",-1,"2","123",49,"Male","Air Force","AWC","5",19,2,3,11,9.06666666666667
"616","w9c21",3,"AI","none",1,"2","123",49,"Male","Air Force","AWC","5",19,2,3,9,9.06666666666667
"617","w9c21",4,"AI","AI",-1,"2","123",49,"Male","Air Force","AWC","5",19,2,3,9,9.06666666666667
"618","w9c21",5,"AI","AI",0,"2","123",49,"Male","Air Force","AWC","5",19,2,3,8,9.06666666666667
"619","w9c21",6,"AI","AI",0,"2","123",49,"Male","Air Force","AWC","5",19,2,3,9,9.06666666666667
"620","w9c21",7,"AI","AI",-1,"2","123",49,"Male","Air Force","AWC","5",19,2,3,12,9.06666666666667
"621","w9c21",8,"AI","AI",1,"2","123",49,"Male","Air Force","AWC","5",19,2,3,8,9.06666666666667
"622","w9c21",9,"AI","AI",0,"2","123",49,"Male","Air Force","AWC","5",19,2,3,11,9.06666666666667
"623","w9c21",3,"Human","none",0,"2","123",49,"Male","Air Force","AWC","5",19,2,3,8,9.06666666666667
"624","w9c21",10,"AI","AI",1,"2","123",49,"Male","Air Force","AWC","5",19,2,3,8,9.06666666666667
"625","w9c21",4,"Human","none",0,"2","123",49,"Male","Air Force","AWC","5",19,2,3,8,9.06666666666667
"626","w9c21",5,"Human","none",0,"2","123",49,"Male","Air Force","AWC","5",19,2,3,9,9.06666666666667
"627","w9c21",6,"Human","none",0,"2","123",49,"Male","Air Force","AWC","5",19,2,3,8,9.06666666666667
"628","w9c21",7,"Human","none",1,"2","123",49,"Male","Air Force","AWC","5",19,2,3,8,9.06666666666667
"629","w9c21",8,"Human","none",-1,"2","123",49,"Male","Air Force","AWC","5",19,2,3,9,9.06666666666667
"630","w9c21",9,"Human","human",1,"2","123",49,"Male","Air Force","AWC","5",19,2,3,8,9.06666666666667
"631","yda14",1,"Human+AI","none",-1,"1","213",43,"Male","Air Force","AWC","5",24,2,2,16,9.06666666666667
"632","yda14",10,"Human+AI","AI",0,"1","213",43,"Male","Air Force","AWC","5",24,2,2,9,9.06666666666667
"633","yda14",1,"Human","none",-1,"1","213",43,"Male","Air Force","AWC","5",24,2,2,10,9.06666666666667
"634","yda14",2,"Human","AI",1,"1","213",43,"Male","Air Force","AWC","5",24,2,2,8,9.06666666666667
"635","yda14",3,"Human","human",0,"1","213",43,"Male","Air Force","AWC","5",24,2,2,9,9.06666666666667
"636","yda14",4,"Human","AI",0,"1","213",43,"Male","Air Force","AWC","5",24,2,2,8,9.06666666666667
"637","yda14",5,"Human","AI",-1,"1","213",43,"Male","Air Force","AWC","5",24,2,2,9,9.06666666666667
"638","yda14",6,"Human","AI",1,"1","213",43,"Male","Air Force","AWC","5",24,2,2,8,9.06666666666667
"639","yda14",7,"Human","AI",-1,"1","213",43,"Male","Air Force","AWC","5",24,2,2,7,9.06666666666667
"640","yda14",8,"Human","AI",1,"1","213",43,"Male","Air Force","AWC","5",24,2,2,10,9.06666666666667
"641","yda14",9,"Human","AI",0,"1","213",43,"Male","Air Force","AWC","5",24,2,2,8,9.06666666666667
"642","yda14",2,"Human+AI","AI",1,"1","213",43,"Male","Air Force","AWC","5",24,2,2,8,9.06666666666667
"643","yda14",10,"Human","AI",1,"1","213",43,"Male","Air Force","AWC","5",24,2,2,18,9.06666666666667
"644","yda14",1,"AI","AI",0,"1","213",43,"Male","Air Force","AWC","5",24,2,2,10,9.06666666666667
"645","yda14",2,"AI","AI",0,"1","213",43,"Male","Air Force","AWC","5",24,2,2,8,9.06666666666667
"646","yda14",3,"AI","AI",0,"1","213",43,"Male","Air Force","AWC","5",24,2,2,8,9.06666666666667
"647","yda14",4,"AI","AI",0,"1","213",43,"Male","Air Force","AWC","5",24,2,2,8,9.06666666666667
"648","yda14",5,"AI","AI",0,"1","213",43,"Male","Air Force","AWC","5",24,2,2,8,9.06666666666667
"649","yda14",6,"AI","AI",1,"1","213",43,"Male","Air Force","AWC","5",24,2,2,7,9.06666666666667
"650","yda14",7,"AI","AI",-1,"1","213",43,"Male","Air Force","AWC","5",24,2,2,8,9.06666666666667
"651","yda14",8,"AI","AI",1,"1","213",43,"Male","Air Force","AWC","5",24,2,2,8,9.06666666666667
"652","yda14",9,"AI","AI",-1,"1","213",43,"Male","Air Force","AWC","5",24,2,2,9,9.06666666666667
"653","yda14",3,"Human+AI","AI",1,"1","213",43,"Male","Air Force","AWC","5",24,2,2,9,9.06666666666667
"654","yda14",10,"AI","AI",0,"1","213",43,"Male","Air Force","AWC","5",24,2,2,8,9.06666666666667
"655","yda14",4,"Human+AI","AI",1,"1","213",43,"Male","Air Force","AWC","5",24,2,2,10,9.06666666666667
"656","yda14",5,"Human+AI","human",-1,"1","213",43,"Male","Air Force","AWC","5",24,2,2,10,9.06666666666667
"657","yda14",6,"Human+AI","AI",-1,"1","213",43,"Male","Air Force","AWC","5",24,2,2,8,9.06666666666667
"658","yda14",7,"Human+AI","AI",1,"1","213",43,"Male","Air Force","AWC","5",24,2,2,9,9.06666666666667
"659","yda14",8,"Human+AI","AI",0,"1","213",43,"Male","Air Force","AWC","5",24,2,2,8,9.06666666666667
"660","yda14",9,"Human+AI","AI",-1,"1","213",43,"Male","Air Force","AWC","5",24,2,2,8,9.06666666666667
"661","yyj35",1,"AI","none",1,"1","312",35,"Male","Air Force","ACSC","4",14,3,1,13,8.83333333333333
"662","yyj35",10,"AI","human",1,"1","312",35,"Male","Air Force","ACSC","4",14,3,1,10,8.83333333333333
"663","yyj35",1,"Human","none",-1,"1","312",35,"Male","Air Force","ACSC","4",14,3,1,9,8.83333333333333
"664","yyj35",2,"Human","none",1,"1","312",35,"Male","Air Force","ACSC","4",14,3,1,8,8.83333333333333
"665","yyj35",3,"Human","human",-1,"1","312",35,"Male","Air Force","ACSC","4",14,3,1,8,8.83333333333333
"666","yyj35",4,"Human","none",0,"1","312",35,"Male","Air Force","ACSC","4",14,3,1,8,8.83333333333333
"667","yyj35",5,"Human","AI",0,"1","312",35,"Male","Air Force","ACSC","4",14,3,1,13,8.83333333333333
"668","yyj35",6,"Human","AI",-1,"1","312",35,"Male","Air Force","ACSC","4",14,3,1,8,8.83333333333333
"669","yyj35",7,"Human","none",1,"1","312",35,"Male","Air Force","ACSC","4",14,3,1,8,8.83333333333333
"670","yyj35",8,"Human","none",1,"1","312",35,"Male","Air Force","ACSC","4",14,3,1,10,8.83333333333333
"671","yyj35",9,"Human","none",-1,"1","312",35,"Male","Air Force","ACSC","4",14,3,1,7,8.83333333333333
"672","yyj35",2,"AI","none",1,"1","312",35,"Male","Air Force","ACSC","4",14,3,1,8,8.83333333333333
"673","yyj35",10,"Human","none",-1,"1","312",35,"Male","Air Force","ACSC","4",14,3,1,8,8.83333333333333
"674","yyj35",1,"Human+AI","none",1,"1","312",35,"Male","Air Force","ACSC","4",14,3,1,9,8.83333333333333
"675","yyj35",2,"Human+AI","none",-1,"1","312",35,"Male","Air Force","ACSC","4",14,3,1,10,8.83333333333333
"676","yyj35",3,"Human+AI","none",-1,"1","312",35,"Male","Air Force","ACSC","4",14,3,1,8,8.83333333333333
"677","yyj35",4,"Human+AI","none",1,"1","312",35,"Male","Air Force","ACSC","4",14,3,1,8,8.83333333333333
"678","yyj35",5,"Human+AI","none",0,"1","312",35,"Male","Air Force","ACSC","4",14,3,1,8,8.83333333333333
"679","yyj35",6,"Human+AI","none",-1,"1","312",35,"Male","Air Force","ACSC","4",14,3,1,8,8.83333333333333
"680","yyj35",7,"Human+AI","AI",1,"1","312",35,"Male","Air Force","ACSC","4",14,3,1,9,8.83333333333333
"681","yyj35",8,"Human+AI","AI",1,"1","312",35,"Male","Air Force","ACSC","4",14,3,1,8,8.83333333333333
"682","yyj35",9,"Human+AI","AI",0,"1","312",35,"Male","Air Force","ACSC","4",14,3,1,8,8.83333333333333
"683","yyj35",3,"AI","none",-1,"1","312",35,"Male","Air Force","ACSC","4",14,3,1,10,8.83333333333333
"684","yyj35",10,"Human+AI","AI",0,"1","312",35,"Male","Air Force","ACSC","4",14,3,1,9,8.83333333333333
"685","yyj35",4,"AI","AI",0,"1","312",35,"Male","Air Force","ACSC","4",14,3,1,9,8.83333333333333
"686","yyj35",5,"AI","none",0,"1","312",35,"Male","Air Force","ACSC","4",14,3,1,8,8.83333333333333
"687","yyj35",6,"AI","AI",-1,"1","312",35,"Male","Air Force","ACSC","4",14,3,1,11,8.83333333333333
"688","yyj35",7,"AI","none",1,"1","312",35,"Male","Air Force","ACSC","4",14,3,1,8,8.83333333333333
"689","yyj35",8,"AI","none",-1,"1","312",35,"Male","Air Force","ACSC","4",14,3,1,8,8.83333333333333
"690","yyj35",9,"AI","none",1,"1","312",35,"Male","Air Force","ACSC","4",14,3,1,8,8.83333333333333
"691","zxq33",1,"Human+AI","none",0,"1","231",42,"Male","Air Force","ACSC","4",22,2,2,16,9.26666666666667
"692","zxq33",10,"Human+AI","none",1,"1","231",42,"Male","Air Force","ACSC","4",22,2,2,9,9.26666666666667
"693","zxq33",1,"AI","none",1,"1","231",42,"Male","Air Force","ACSC","4",22,2,2,9,9.26666666666667
"694","zxq33",2,"AI","none",-1,"1","231",42,"Male","Air Force","ACSC","4",22,2,2,9,9.26666666666667
"695","zxq33",3,"AI","none",-1,"1","231",42,"Male","Air Force","ACSC","4",22,2,2,8,9.26666666666667
"696","zxq33",4,"AI","none",0,"1","231",42,"Male","Air Force","ACSC","4",22,2,2,9,9.26666666666667
"697","zxq33",5,"AI","none",-1,"1","231",42,"Male","Air Force","ACSC","4",22,2,2,9,9.26666666666667
"698","zxq33",6,"AI","none",1,"1","231",42,"Male","Air Force","ACSC","4",22,2,2,9,9.26666666666667
"699","zxq33",7,"AI","none",0,"1","231",42,"Male","Air Force","ACSC","4",22,2,2,9,9.26666666666667
"700","zxq33",8,"AI","none",-1,"1","231",42,"Male","Air Force","ACSC","4",22,2,2,8,9.26666666666667
"701","zxq33",9,"AI","none",1,"1","231",42,"Male","Air Force","ACSC","4",22,2,2,11,9.26666666666667
"702","zxq33",2,"Human+AI","none",-1,"1","231",42,"Male","Air Force","ACSC","4",22,2,2,9,9.26666666666667
"703","zxq33",10,"AI","none",1,"1","231",42,"Male","Air Force","ACSC","4",22,2,2,9,9.26666666666667
"704","zxq33",1,"Human","none",1,"1","231",42,"Male","Air Force","ACSC","4",22,2,2,12,9.26666666666667
"705","zxq33",2,"Human","none",-1,"1","231",42,"Male","Air Force","ACSC","4",22,2,2,9,9.26666666666667
"706","zxq33",3,"Human","none",-1,"1","231",42,"Male","Air Force","ACSC","4",22,2,2,9,9.26666666666667
"707","zxq33",4,"Human","none",0,"1","231",42,"Male","Air Force","ACSC","4",22,2,2,9,9.26666666666667
"708","zxq33",5,"Human","none",-1,"1","231",42,"Male","Air Force","ACSC","4",22,2,2,10,9.26666666666667
"709","zxq33",6,"Human","none",1,"1","231",42,"Male","Air Force","ACSC","4",22,2,2,9,9.26666666666667
"710","zxq33",7,"Human","none",0,"1","231",42,"Male","Air Force","ACSC","4",22,2,2,8,9.26666666666667
"711","zxq33",8,"Human","none",-1,"1","231",42,"Male","Air Force","ACSC","4",22,2,2,9,9.26666666666667
"712","zxq33",9,"Human","none",1,"1","231",42,"Male","Air Force","ACSC","4",22,2,2,8,9.26666666666667
"713","zxq33",3,"Human+AI","none",1,"1","231",42,"Male","Air Force","ACSC","4",22,2,2,9,9.26666666666667
"714","zxq33",10,"Human","none",-1,"1","231",42,"Male","Air Force","ACSC","4",22,2,2,9,9.26666666666667
"715","zxq33",4,"Human+AI","none",0,"1","231",42,"Male","Air Force","ACSC","4",22,2,2,8,9.26666666666667
"716","zxq33",5,"Human+AI","none",1,"1","231",42,"Male","Air Force","ACSC","4",22,2,2,9,9.26666666666667
"717","zxq33",6,"Human+AI","none",-1,"1","231",42,"Male","Air Force","ACSC","4",22,2,2,8,9.26666666666667
"718","zxq33",7,"Human+AI","none",-1,"1","231",42,"Male","Air Force","ACSC","4",22,2,2,9,9.26666666666667
"719","zxq33",8,"Human+AI","none",1,"1","231",42,"Male","Air Force","ACSC","4",22,2,2,10,9.26666666666667
"720","zxq33",9,"Human+AI","none",0,"1","231",42,"Male","Air Force","ACSC","4",22,2,2,9,9.26666666666667
